,title,type
0, 안갯속 빠진 애플카 협업잠정 중단에 무게인터뷰투데이,1
1,테슬라 비트코인 조원 넘게 투자이 말에 비트코인 만원 돌파,1
2,테슬라 조 규모 비트코인 매입전기차 비트코인 결제 검토,1
3,테슬라 이어 애플도 비트코인 사들이면 예상 시나리오는,1
4, 주당 천원 배당주주 환원 지속 확대,1
5, 작년 배당 주당 원 증가,1
6, 지난해 주당 원 배당주주가치 제고,1
7, 주당 원 역대 최고액 배당전년 ,1
8,일렉트릭   인수전력자동화사업 디지털전환 박차,1
9,일렉트릭   인수전력자동화사업 디지털전환 박차,1
10,일렉트릭   인수전력자동화에 박차,1
11,일렉트릭   인수디지털 전환 속도낸다,1
12,최대주주에 지분  넘긴 법인 세금 할증세금 환급가산금은 축소,1
13,시장조성자 증권거래세 면제 대상  줄어든다,1
14,동국제강 당기순이익 년 만에 흑자주당 원 현금 배당,1
15,동국제강 작년 영업익 억전년 ,1
16,탄소중립 중점기술 상반기중 선정한다,1
17,탄소 중립 기술로 이끈다민관합동 기술기획 위원회 출범,1
18,내년 중대재해법 시행중대재해 발생시 본사까지 감독,1
19,중대재해 상습 건설사 번만 사고나도 본사전국현장 감독,1
20,권익위 부동산 중개수수료 개선 방안 권고안 발표,1
21,억 아파트 매매때 만원만원반값 중개료 추진,1
22,은행 점포 폐쇄시 사전영향평가 의무화폐점 개월 전 안내해야,1
23,점포 다이어트 돌입한 저축 수도권은 반짝 늘었다종합,1
24,가격 방어 위해 태워지던 타임마인 인테리어 마감재로 활용한다,1
25,재고 의류 소각 대신 인테리어 마감재로한섬  탄소제로 프로젝트,1
26,위험 선호 회복에 원달러 환율 하락 출발,1
27,원달러 환율 원 내린 원 마감,1
28,서울 서비스업 생산만 오르고 제주 소매판매 사상 첫 마이너스,1
29,부동산주식 호황에 지난해 서울서만 서비스업 생산 증가,1
30, 빌트인 가전  최대 주방욕실 전시회서 베일 벗어,1
31,삼성   참가 미국 최대 주방욕실 전시회,1
32,삼성전자 최대 주방욕실 전시회   참가,1
33,전자 최대 주방욕실 전시회   참가,1
34, 청소노동자 전원에  마포빌딩 고용 유지 제안,1
35,타워 농성에  청소근로자 전원 마포빌딩서 고용 유지 제안,1
36, 트윈타워 농성 청소노동자 전원 마포빌딩 고용 유지 제안,1
37, 트윈타워 청소근로자 전원에 마포빌딩 근무 제안,1
38,백복인  사장 재연임 눈앞사추위 차기  후보로 백 사장 선정,1
39, 차기  단일후보에 백복인 현 사장재연임 예고,1
40,백복인 사장  년 더 맡나차기 사장 후보로 선정,1
41, 사추위 백복인 사장 차기 사장 후보로 선정,1
42,중개보수 비용 완화권익위 중개서비스 개선안 권고,1
43,권익위 부동산 중개수수료 개선 권고국토부 월 중 최종안 발표,1
44, 작년 순이익 억 원 전년 대비 억 원 감소,1
45,금융 년 순이익 억원 전년대비 감소,1
46,월 전국 입주물량  감소봄이사철 수요 임차시장 불안 우려,1
47,월 아파트 입주물량 만가구전년대비  감소,1
48, 환율 원 내린 원 마감달러원,1
49, 원달러 환율 원 내린 원마감환율,1
50,기술력 믿어라현대애플카 무산설 그래도 주가는 오른다,1
51,애플카 쇼크 현대차그룹 시총 하루 만에 조천억 증발,1
52,코로나에 기업들 타격 작년 법인세 조원 덜 걷혔다,1
53,작년 법인세 조부가세 조국세수입 사상 첫 년연속 감소,1
54,기아 년내 친환경차 만대 판매친환경 모빌리티로 재탄생,1
55,기아 미국서 흥행 중국서 반전 노린다글로벌 시장 공략,1
56,테슬라 이어 애플도 비트코인 사들이면 예상 시나리오는,1
57,꾸준한 역 프리미엄국내 비트코인 가격 왜 해외보다 만원 낮을까,1
58,동국제강 당기순이익 년 만에 흑자주당 원 현금 배당,1
59,동국제강 당기순이익 년 만에 흑자영업익 ,1
60,대변혁의 원년 기아 년까지 전기차 종 출시 첫모델 출시종합,1
61,애플 따윈 필요없어플랜 기아 세상에 없던 전기차 종 출시,1
62,기아 년까지 전용 전기차 종 출시,1
63,기아 애플과 협상 멈췄지만전기차 흑자구간 진입했다,1
64,한섬 탄소 제로 프로젝트 가동친환경적 재고 폐기,1
65,한섬 재고 의류 소각 대신 섬유 패널로 새활용탄소 제로 프로젝트 가동,1
66,한섬 재고의류 폐기않고 벽마감재로 쓴다,1
67,한섬 재고 의류 친환경 인테리어 마감재로 재활용,1
68,석유화학 탄소제로위원회 출범대규모  추진,1
69, 탄소 중립 기술 로드맵 연말까지 만든다,1
70,석유화학업계  탄소중립 추진 위한 탄소제로위 출범,1
71,석유화학업계  탄소중립 위해 뭉쳤다,1
72,부동산 중개수수료 내린다억 아파트 매매시 만만원,1
73,억 아파트 매매 시 만원만원 정부 수수료 개선 추진,1
74,금융 순이익  감소로 실적 방어 실패배당성향은 ,1
75,금융 년 순이익 억원 전년대비 감소,1
76,코로나 비켜이마트 지난해 영업익 전년,1
77,이마트 지난해 매출 조사상 최대 실적,1
78,전국 입주 아파트 물량 월 증가했다 월 감소,1
79,월 전국 입주물량  감소봄이사철 수요 임차시장 불안 우려,1
80,애플카 쇼크현대차그룹주 시총 조원 증발,1
81,애플카 협력  중단현대차기아 시총  조 증발,1
82,시장조성자 증권거래세 면제 대상  줄어든다,1
83,공매도 주체 시장조성자 거래세 면제 혜택 축소,1
84,코로나 직격탄 칼텍스 작년 정유 사업서 조 적자,1
85, 지난해 영업익 억원전년 대비 ,1
86,전원 고용 유지 트윈타워 농성 청소근로자에 제안,1
87, 여의도 트윈타워 청소근로자 전원에 마포빌딩 근무 제안,1
88,작년 은행점포 개 폐쇄월부터 폐쇄 결정전 영향 평가 필수,1
89,한 해 동안 열고 닫을 은행 점포 미리 공시하라는 금감원,1
90,홍남기 계란 수급 여건 악화시 추가 수입 추진,1
91,홍남기 계란 천만개 수입부족하면 추가 수입,1
92,홍남기 설 성수품 가격 점검계란 추가 수입도 고려,1
93,홍남기 계란 수급 여건 악화시 추가 수입 추진,1
94,테슬라 효과에 비트코인 만원 돌파 위지트 등 관련주 들썩,1
95,머스크 우주선이 아니라 비트코인을 쏘아 올렸다종합,1
96,게임스톱 급등 비트코인도지코인 강세는 열혈팬 때문,1
97,비트코인 시총 억달러테슬라 맞먹어,1
98,기은 연구기관 연결 우수기술 매칭컨설팅 실시,1
99,기업은행 우수기술 매칭컨설팅에 대학연구기관 연결,1
100,기업은행 기업연구기관 연결하는 우수기술 매칭컨설팅,1
101,기업은행 우수기술 매칭컨설팅 실시,1
102,정부 중개수수료 요율 뜯어 고친다억 아파트 매매 만원만원,1
103,정부 중개수수료 개선 추진억 아파트 매매 시 ,1
104,삼성전자  서 소비자 맞춤형 가전 소개,1
105,삼성전자 북미 최대 주방 전시회  참가,1
106,애플카 협상 중단 현대차그룹 개인은 사고 기관외인은 팔고,1
107,애플카 파트너 상반기내 발표현대차 아니면 폭스바겐,1
108,째째한 성과급 논란이지만통큰 보너스 결정한 네이버카카오,1
109,성과급 논란 텔레콤  노사합동  만들기로,1
110, 지난해 영업이익 조억원전년보다 ,1
111,그룹 주요 계열사 올 주총부터 전자투표제 도입,1
112,탄소중립에 손잡은 민관 석화산업 쌀 대체물질 찾는다,1
113,민관 합동 탄소중립 기술기획위원회 출범,1
114,코스피  하락 마감대로 뒷걸음종합,1
115, 외국인 순매도에 막판 뒷심 부족했던 코스피마켓뷰,1
116,일렉트릭   억원에 인수 디지털 전환 속도,1
117,일렉트릭   인수디지털 전환 속도낸다,1
118, 분양가 주변 시세  반영 방침깜깜이 심사 사라지나,1
119, 고분양가 심사제도 전면 개선주변 시세 최대 ,1
120,코로나 진단키트 제조업체 씨젠 과징금회계기준 위반,1
121,씨젠 분식회계 징계에도 증권가 무덤덤오히려 매수 기회,1
122,씨젠 증선위 징계 소식에 대 하락,1
123,증선위 씨젠 등 개 업체에 과징금 부과 등 조치,1
124,코스피  하락 마감대로 뒷걸음종합,1
125, 코스피 외인 매도폭 확대에 하락 다시 선 하회마감,1
126, 외국인 순매도에 막판 뒷심 부족했던 코스피마켓뷰,1
127,외국인 차익실현 팔자에코스피 이틀째 하락,1
128,양천 목동 단지재건축 차 안전진단 통과,1
129,목동단지 차 안전진단 통과,1
130,단독목동단지도 차 안전진단 통과재건축 훈풍,1
131,목동 재건축 안전진단 반환점 찍어,1
132,현대차그룹 애플 협업 중단 쇼크 하루 시총 조원 증발,1
133,현대차 애플 쇼크그룹 시총 조 증발,1
134,휴젤 작년 사상 최대 매출영업이익은 전년  증가한 억원,1
135,휴젤 지난해 매출액 억원 역대 최대영업이익  증가,1
136,석유화학도 탄소중립롯데 이어 한화도 합류,1
137,민관합동 탄소중립 기술기획위원회 출범 탄소중립 실현,1
138,국토부 중개수수료 인하 추진개선안 월 중 확정,1
139,중개수수료 깎겠다는데되레 환영하는 중개사들 왜,1
140,예보 월부터 잘못 송금된 돈 반환 지원,1
141,토스카카오페이로 잘못보낸 돈도 돌려받는다,1
142,삼성증권 순이익 억리테일 수익 증가로 전년비  상승,1
143,삼성증권 지난해 순이익 억전년 ,1
144,몸집 키우는 일본 반도체 업계파운드리 유치업체 매수,1
145,진격의   공장 이어 에 거점 구축,1
146,테슬라 덕분에 비트코인 사상 첫 국내 천만원 돌파,1
147,비트코인도 테슬라 효과국내 가상화폐 급등,1
148,전자화학 덕분에 영업이익  증가,1
149, 지난해 영업이익 조억원전년보다 ,1
150,테슬라 효과에 비트코인 급등사상 처음 만원 뚫었다,1
151,머스크는 무엇을 봤나테슬라 호재에 비트코인 천만원 돌파,1
152,테슬라 차값으로 비트코인 받는다,1
153,테슬라가 조 구매에 비트코인 천만원 코앞,1
154, 탄소중립 추진 민관합동 탄소중립 기술기획위원회 출범,1
155,탄소 중립 기술로 이끈다민관합동 기술기획 위원회 출범,1
156,석유화학 탄소중립 실현 위해  지원 확대세액 공제 필요,1
157, 탄소 중립 기술 로드맵 연말까지 만든다,1
158, 노사 성과급 갈등 봉합새 지급 기준 마련,1
159,연봉 억 넘어도 성과급 적다 반발세대의 반란,1
160,도 성과급 논란 수습했지만수술대 오르는 한국식 보상제도,1
161, 성과급 논란 일단락지급 기준 개선하기로,1
162,삼성장학회 역사속으로,1
163,삼성장학회 설립 년 만에 장학사업 종료,1
164, 주당 연간 원 배당통합지주사 출범 이후 최대,1
165, 주당 천원 배당 통합지주사 출범 이후 최대,1
166, 애플카 정말 자율차 아닌 전기차로 개발되나조재환의 카테크,1
167,애플카 놓친 현대차 시총 조 증발개미는 곧장 기아차 샀다,1
168,코로나 여파 법인세 조 급감부동산증시 열풍 자산세 증가,1
169,집값 오르고 증시 불타니 세금이 더 걷혔다,1
170,증권거래세 면제 축소시총 조원회전율  이상 종목,1
171,전세보증금 과세때 적용 이자율 로 내린다,1
172,전자  최대 주방욕실 전시회  서 제품 뽐내,1
173,삼성전자  서 소비자 맞춤형 가전 소개,1
174,어라 토스 송금 잘못했네 이런 돈 예보가 찾아준다,1
175,토스카카오페이 잘못 보낸 돈예보가 반환 지원,1
176,금융 년 순이익 억원 전년대비 감소,1
177,금융 작년 순익 전년보다  줄어든 억원 배당성향 ,1
178,르노 부회장 부산공장 생산성 높이지 않으면 한국 떠난다,1
179,르노그룹 부회장 부산공장 경쟁력 개선 필요서바이벌 플랜 이행해야,1
180,삼성물산 래미안 리더스원 필로티 가든 디자인 공모전서 수상,1
181, 래미안리더스원 필로티 가든 아시아 디자인상 최우수상기업,1
182, 래미안리더스원 필로티 가든 아시아 디자인상 최우수상 비즈,1
183,래미안 리더스원 필로티가든  디자인 대상,1
184,동국제강 작년 영업익 억전년  껑충,1
185,동국제강 년 만에 당기순이익 흑자전환,1
186,동국제강 지난해 영업익 배 뛴 억원 순이익 년만에 흑자전환,1
187,동국제강 년만에 순이익 흑자전환 성공,1
188,토스카카오페이 잘못 보낸 돈예보가 반환 지원,1
189,아뿔싸 착오송금예금보험공사가 대신 받아준다,1
190,토스카카오페이로 잘못 송금한 돈도 착오송금 반환 대상,1
191,토스카카오페이로 잘못 보낸 돈 월부터 회수 가능,1
192,애플카 협의 중단에 정몽구정의선 주식 가치 천억 감소,1
193,애플 자율주행차 개발 협력설 부인현대차 그룹 급제동,1
194,녹십자 역대 최고 매출영업익 전년비 ,1
195,녹십자랩셀 작년 매출영업익 창사 이래 최고,1
196,중개수수료 개선 추진억 아파트 매매하면 만 원만 원,1
197,부동산 수수료 인하안 월께 나온다 중개사엔 실비보상 근거도 마련,1
198,삼성전자  서도 소비자 맞춤형 가전에 집중,1
199,전자 미국 최대 주방욕실 전시회   참가,1
200,전세보증금 과세때 적용 이자율 로 내린다,1
201,최대주주에 지분  넘긴 법인 세금 할증세금 환급가산금은 축소,1
202,테슬라 비트코인 조억원 매수 알려지자비트코인  급등,1
203,테슬라 비트코인 구매 결제수단 허용,1
204,씨젠 년간 매출 부풀렸다증선위 과징금 부과,1
205,증선위 회계처리 위반 씨젠에 과징금 부과,1
206,몸집 키우는 일본 반도체 업계파운드리 유치업체 매수,1
207,대만 반도체 손잡아 일본에 억 넘게 투자,1
208,르노 부회장 부산공장 원가 스페인 두배임직원에 경고,1
209,유럽보다 못하다르노 부회장이 부산공장을 질타한 이유,1
210,그룹 구자은 회장으로 경영승계 속도낸다,1
211,일렉트릭   억원에 인수 디지털 전환 속도,1
212,일렉트릭   인수전력자동화사업 디지털전환 박차,1
213,일렉트릭 전력자동화 디지털화 속도  인수,1
214,비트코인 글로벌 거래가 첫 만원 돌파테슬라 효과,1
215, 테슬라 대량 구매에 만원대로 급등비트코인 지금,1
216,테슬라 전기차 비트코인으로 산다,1
217,비트코인 테슬라 투자 소식에 덩달아 상한가,1
218,편의점도 쇼크리테일 작년 영업익  감소,1
219,리테일 지난해 영업이익 억원전년 대비 종합,1
220,리테일 작년 영업익 억 전년,1
221,학교공원 발길 끊기니리테일 코로나에 삐걱 영업익 상보,1
222,억 아파트 매매때 만원만원반값 중개료 추진,1
223,불만 많던 중개수수료 이제야 손보는 이유는,1
224,녹십자 매출 조코로나 영향 최대 기록,1
225,녹십자 지난해 영업이익 억원 성장,1
226,증권거래세 면제 축소시총 조원회전율  이상 종목,1
227,시장조성자 증권거래세 면제 대상  줄어든다,1
228, 최대 주방욕실 전시회도 온라인으로삼성 격돌,1
229,삼성전자 북미 최대 주방 전시회  참가,1
230,코로나 직격탄 칼텍스 작년 정유 사업서 조 적자,1
231, 지난해 영업익 절반 뚝유가급락 탓,1
232,래미안리더스원 필로티 가든 아시아디자인프라이즈 그랜드 프라이즈 수상,1
233, 래미안리더스원 필로티 가든 아시아 디자인상 최우수상기업,1
234,예보 착오송금 반환지원 대상에 토스카카오페이도 포함,1
235,월부터 착오송금 반환 예보가 지원토스 등 간편송금도,1
236,금융 년 순이익 억원 전년대비 감소,1
237,금융 작년 순익 전년보다  줄어든 억원 배당성향 ,1
238,애플카 쇼크 벗어나나기아차도 보합권 등락,1
239,애플과 협의 진행 중단재개 가능성은,1
240,비트코인으로 테슬라 산다천만원 돌파,1
241,테슬라 조원 투입에 비트코인 사상 최고가 경신,1
242,페이팔 이어 테슬라까지실물 거래수단 될까,1
243,비트코인 천만원 돌파테슬라가 끌어올렸다,1
244,국토부서울시 공공주도  대책 이행 협의회 개최,1
245,국토부서울시  주택 공급대책 추진 협의회 구축,1
246,국토부서울시  주택 공급대책 추진 협의회 구축,1
247,국토부서울시  대책 집행 위해 매달 차관부시장 협의,1
248, 주당 원 역대 최고액 배당전년 ,1
249,주당 원 사상 최대 배당금 주는 회사 어디길래,1
250, 주당 천원 배당주주 환원 지속 확대,1
251, 역대 최대 배당금 푼다총액만 억,1
252,대통령이 집단해고 해결해야 트윈타워 청소노동자들 청와대로 행진,1
253, 여의도 트윈타워 청소근로자 전원에 마포빌딩 근무 제안종합,1
254,코로나 진단키트 제조업체 씨젠 과징금회계기준 위반,1
255,증선위 코로나 진단키트 씨젠에 과징금매출액 부풀리기,1
256,중개수수료 개선 추진억 아파트 매매하면 만 원만 원,1
257,반값 중개 수수료 나오나가지 개선안 보니,1
258,토스카카오페이로 잘못보낸 돈도 돌려받는다종합,1
259,토스카카오페이 잘못 보낸 돈예보가 반환 지원,1
260, 에 베팅반도체 견제한다,1
261,대만  과 손잡는다에 개발 거점 설립,1
262,현대차 애플과 협력 진행 안 해 공시완전 결별엔 물음표,1
263,하루 조 날아갔다 현대차의 깨져버린 애플몽,1
264,르노 부회장 부산공장에 경고약속 안지키면 새 방법 찾을것,1
265,르노 한국 철수 경고부산공장 다른 방법 찾을 수도,1
266,서울역 인근 공공주택 계획에 토지건물주 반대 국토부 의견수렴,1
267,들끓는 재산권 침해 논란정부민주당 뭐가 문제냐,1
268,비대면 금융거래 급증하는데점포 폐쇄 은행 맘대로 못한다,1
269,은행 지난해 곳 문 닫았다고객보호방안 마련,1
270,국토부 중개수수료 개편 착수월 확정,1
271,불만 많던 중개수수료 이제야 손보는 이유는,1
272,억 집 팔면 만원만원중개수수료 이번에는 내려갈까,1
273,중개수수료 개선 추진억 아파트 매매하면 만원만원,1
274,비트코인 국내 거래 첫 만원 돌파위지트우리기술투자 급등,1
275,테슬라 효과 비트코인 만원역대 최고치,1
276,비트코인 국내 가격 만 원 첫 돌파,1
277,테슬라 비트코인 대량매입 임박한달전 이미 레딧서 샜다,1
278,개 다리바퀴로 이동하는 변신로봇현대차그룹 타이거 공개,1
279,현대차그룹 지상이동로봇 타이거개 다리로 험지도 척척,1
280,현대차그룹 변신 가능한 지능형 로봇 타이거 공개,1
281,사륜구동서 보행로봇 변신현대차그룹 로봇 타이거 공개,1
282,백복인 사장  년 더 맡나차기 사장 후보로 선정,1
283,백복인 번째 연임 성큼  사추위 차기  후보 선정,1
284,못난이 농산물 재구매 의사 맛 좋고 저렴,1
285,품질 차이 없고 저렴 못난이 농산물 재구매 의사 ,1
286,예보 월부터 잘못 송금된 돈 반환 지원,1
287,실수로 잘못 입금된 돈 대신 받아드립니다쏘핫뱅킹,1
288,조성욱 온라인플랫폼법 중복규제 아냐부처 간 합의된 것,1
289,조성욱 온라인플랫폼법 정부가 합의한 단일화된 법,1
290,반도체 품귀 비상 걸렸다 자동차 감산 내달까지 연장,1
291, 반도체 없어 차 못만든다감산 조치 월까지 유지,1
292,르노 부회장 파업 조짐 부산공장에 날선 경고,1
293,르노그룹 제조원가 절감 압박에 노조 파업 만지작,1
294, 한국 디자인 인력  늘린다국내 투자의지 재확인,1
295,지엠테크니컬센터코리아 신규 채용으로 글로벌 디자인 역량 강화,1
296,이성희 농협중앙회장 설 연휴 앞두고 통합센터 격려,1
297,이성희 농협중앙회장 설 연휴 앞두고 통합센터 격려,1
298,나스닥 만천 첫 돌파 마감멈추지 않는 유가,1
299,뉴욕 증시 조 규모 경기부양책 주시 속 혼조 출발,1
300,대한항공 터키서 아시아나 인수 관련 기업결합심사 첫 승인,1
301,대한항공아시아나항공 기업결합심사 첫 승인터키 당국 통과,1
302,대한항공의 아시아나항공 인수 터키 경쟁당국 기업결합심사 통과,1
303,대한항공 터키서 아시아나 결합심사 통과경쟁국 첫 승인,1
304,해외직구로 음식료품 사는 사람들 늘었다,1
305,해외직구 옷가방 위주였는데 음식료품 비중 늘었다,1
306,노 재팬 이대로 끝 일본 직구액 개 분기 연속 증가,1
307,진화하는 해외직구 옷 대신 건강기능식 더 담았다,1
308,코로나에 설 세뱃돈 신권 교환 지난해 절반 수준,1
309,세뱃돈도 못주니설자금도 작년보다 억 감소,1
310,한국은행 설 자금 조 공급코로나로 년 만에 최저,1
311,코로나로 머니도 집콕설 시중 풀린 돈 년만에 대로 뚝,1
312,공급대책 직후 아파트 매매전셋값 상승폭 둔화,1
313, 공급대책에도 떨어질 줄 모르는 서울 아파트값,1
314, 이후 최악 고용한파만명 일자리 잃었다종합,1
315,매년 혈세투입 늘려 일자리 착시 고용창출 못하는 불임경제,1
316,와의 배터리분쟁에서 승리한 ,1
317,배터리 소송  완승 는 미국내 사업 타격 불가피,1
318,우리은행 단 일간 설날특선 이벤트 실시,1
319, 우리은행 설 연휴 언택트 세뱃돈 보내기 이벤트게시판,1
320,음성부안 가금농가 고병원성  확진국내 번째,1
321,전북 부안서 조류인플루엔자 항원 검출확진 땐 번째,1
322,머스크 아들 위해 도지코인 샀다가상화폐 또 급등,1
323,한물간 주식도 머스크 트윗에 폭등더 이상 경제학 필요없다 ,1
324,보험도 락인효과명 중 명 상품 비교 어려워서 보험사 유지한다,1
325,명절 선물 보험 보따리는 어때요 용돈 대신 보험 준다,1
326,주식 투자 열풍에 멈추지 않는 가계대출월만 조원,1
327,신용대출 재개에 지난달 가계대출 조억월 증가액 역대 최대,1
328,증권 빛고을 수소연료전지 발전사업 금융주선,1
329,광주 첫 수소 연료전지 발전소 착공만여 가구 전력 생산,1
0,우리금융 이사회 내 경영위원회 신설,1
1, 경영 강화 속도내는 기업들선택 아닌 필수,1
2,금융당국  경영 촉진 위한 지원책 마련 움직임,1
3,글로벌 대세라는데국내   무엇이 다를까,1
4,반도체 동맹  삼성전자 전방위 압박승부처는 패키징 ,1
5,삼성전자 우리나라로전 세계서 쏟아지는 러브콜 황정수의 반도체 이슈 짚어보기,1
6, 한국 반도체 견제 과 손잡았다,1
7,반도체 줄테니 백신 달라삼성을 밀어낸  한입경제,1
8,부모님이 물려준 집 비과세 가능할까요 집코노미,1
9,지난해 주택증여 만건상속증여세수 조로 사상 최대,1
10,작년 주택 증여 만 건관련 세수만 조 사상 최대,1
11,집 못 팔게 하니까지난해 주택 증여 만건 정부 세금만 조원 거둬,1
12,백악관 글로벌 반도체 대란 대응 선언,1
13,정부 반도체 부족 대응 나선다바이든 곧 행정명령 서명,1
14,테슬라코리아 모델 국내 출시,1
15,테슬라 모델 출시 보조금  받는다,1
16,월 만원 투자로 매달 만원 연금 주부 설연휴 재테크 팁,1
17,주택연금 가입자 평균 집값 억만원월지급액 만원,1
18,로또 등 당첨자  당첨금으로 부동산 사겠다,1
19,로또 등 해도 희망은 부동산명 중 명,1
20,적금부터 펀드까지내 아이 세뱃돈 이렇게 쓰자,1
21,설 명절 받은 세뱃돈용돈 넣을 통장 찾는다면,1
22,애플카 일단 멈춰세운 현대차그룹 자체 전기차 속도낸다,1
23,격동의 한달 보낸 현대차그룹주 애플카 이슈 끝,1
24,매도폭탄 상승장 발목잡는 연기금조 더 남았다,1
25,또 팔았네 개미 원성에도조 던진 연기금의 해명,1
26,대출빙하기에도 틈새 있다뱅크 마통 억까지신한 대 금리,1
27,돈빌리기 쉽지 않다문턱 더 올라가는 신용대출,1
28,쿠팡 뉴욕증시 상장한다벌써 상한가간 관련주 어디,1
29,쿠팡 증시 상장 성공할까 돈 벌수 있다 입증해야,1
